4.990409999999999968e+01,1.000000000000000000e+00,-3.674049999999999727e+01
-1.120889999999999986e+01,1.000000000000000000e+00,7.184400000000000119e+00
3.463110000000000355e+01,1.000000000000000000e+00,-2.479899999999999949e+01
-5.654700000000000060e+00,1.000000000000000000e+00,5.602100000000000080e+00
4.139620000000000033e+01,1.000000000000000000e+00,-3.126490000000000080e+01
4.391279999999999717e+01,1.000000000000000000e+00,-3.451559999999999917e+01
3.027580000000000027e+01,1.000000000000000000e+00,-2.287620000000000076e+01
3.650200000000000244e+01,1.000000000000000000e+00,-2.612580000000000169e+01
-2.269500000000000028e+01,1.000000000000000000e+00,1.620769999999999911e+01
9.306599999999999540e+00,1.000000000000000000e+00,-8.265299999999999869e+00
-3.024490000000000123e+01,1.000000000000000000e+00,2.493840000000000146e+01
2.833139999999999858e+01,1.000000000000000000e+00,-1.865700000000000003e+01
1.240300000000000047e+01,1.000000000000000000e+00,-1.077030000000000065e+01
-5.386499999999999844e+00,1.000000000000000000e+00,4.633300000000000196e+00
-3.076099999999999834e+00,1.000000000000000000e+00,4.602000000000000313e+00
-3.805100000000000193e+01,1.000000000000000000e+00,3.090119999999999933e+01
4.168610000000000326e+01,1.000000000000000000e+00,-3.024609999999999843e+01
8.438900000000000290e+00,1.000000000000000000e+00,-9.172800000000000509e+00
4.565359999999999729e+01,1.000000000000000000e+00,-3.243800000000000239e+01
3.344800000000000217e+00,1.000000000000000000e+00,-5.937999999999999945e-01
4.060100000000000264e+00,1.000000000000000000e+00,-8.275000000000000133e-01
-3.600339999999999918e+01,1.000000000000000000e+00,2.678350000000000009e+01
3.831250000000000000e+01,1.000000000000000000e+00,-2.901109999999999900e+01
3.921359999999999957e+01,1.000000000000000000e+00,-3.197650000000000148e+01
1.522990000000000066e+01,1.000000000000000000e+00,-8.507400000000000517e+00
1.378359999999999985e+01,1.000000000000000000e+00,-1.228190000000000026e+01
1.477490000000000059e+01,1.000000000000000000e+00,-1.037310000000000088e+01
-1.434680000000000000e+01,1.000000000000000000e+00,1.215690000000000026e+01
-4.883310000000000173e+01,1.000000000000000000e+00,3.540209999999999724e+01
2.869510000000000005e+01,1.000000000000000000e+00,-2.291209999999999880e+01
4.418370000000000175e+01,1.000000000000000000e+00,-3.106449999999999889e+01
2.715950000000000131e+01,1.000000000000000000e+00,-1.795110000000000028e+01
-3.470700000000000074e+01,1.000000000000000000e+00,2.607339999999999947e+01
2.090429999999999922e+01,1.000000000000000000e+00,-1.630940000000000012e+01
-3.260699999999999932e+00,1.000000000000000000e+00,3.131699999999999928e+00
5.132500000000000284e+00,1.000000000000000000e+00,-3.079000000000000181e+00
2.427649999999999864e+01,1.000000000000000000e+00,-1.734789999999999921e+01
-2.696369999999999933e+01,1.000000000000000000e+00,1.777530000000000143e+01
-4.506960000000000122e+01,1.000000000000000000e+00,3.759340000000000259e+01
-1.036870000000000047e+01,1.000000000000000000e+00,5.851499999999999702e+00
-3.978649999999999665e+01,1.000000000000000000e+00,2.597629999999999839e+01
4.676680000000000348e+01,1.000000000000000000e+00,-3.581499999999999773e+01
-4.084440000000000026e+01,1.000000000000000000e+00,3.343809999999999860e+01
-1.321570000000000000e+01,1.000000000000000000e+00,1.002730000000000032e+01
2.173920000000000030e+01,1.000000000000000000e+00,-1.399510000000000076e+01
2.518730000000000047e+01,1.000000000000000000e+00,-1.802629999999999910e+01
-1.380959999999999965e+01,1.000000000000000000e+00,1.171039999999999992e+01
4.164099999999999824e+01,1.000000000000000000e+00,-3.178079999999999927e+01
-4.640010000000000190e+01,1.000000000000000000e+00,3.356929999999999836e+01
-2.056409999999999982e+01,1.000000000000000000e+00,1.283789999999999942e+01
-4.260309999999999775e+01,1.000000000000000000e+00,3.258030000000000115e+01
4.387120000000000175e+01,1.000000000000000000e+00,-3.258520000000000039e+01
2.409560000000000102e+01,1.000000000000000000e+00,-1.778010000000000090e+01
4.817569999999999908e+01,1.000000000000000000e+00,-3.509850000000000136e+01
1.511209999999999987e+01,1.000000000000000000e+00,-8.498799999999999244e+00
2.625730000000000075e+01,1.000000000000000000e+00,-1.954540000000000077e+01
-3.906640000000000157e+01,1.000000000000000000e+00,2.938710000000000022e+01
-2.843499999999999872e+01,1.000000000000000000e+00,1.918700000000000117e+01
-3.677329999999999899e+01,1.000000000000000000e+00,2.312219999999999942e+01
-4.257419999999999760e+01,1.000000000000000000e+00,2.861240000000000094e+01
-1.435360000000000014e+01,1.000000000000000000e+00,1.126829999999999998e+01
4.310130000000000194e+01,1.000000000000000000e+00,-3.416830000000000211e+01
1.232920000000000016e+01,1.000000000000000000e+00,-7.677699999999999747e+00
2.273699999999999832e+00,1.000000000000000000e+00,-8.016999999999999682e-01
1.870579999999999998e+01,1.000000000000000000e+00,-1.389349999999999952e+01
2.563350000000000151e+01,1.000000000000000000e+00,-1.685150000000000148e+01
-2.964900000000000091e+01,1.000000000000000000e+00,2.348100000000000165e+01
-2.054879999999999995e+01,1.000000000000000000e+00,1.218510000000000026e+01
-4.799800000000000288e+00,1.000000000000000000e+00,6.369900000000000340e+00
1.092070000000000007e+01,1.000000000000000000e+00,-9.212600000000000122e+00
-4.214800000000000324e+01,1.000000000000000000e+00,2.958119999999999905e+01
-4.045499999999999652e+00,1.000000000000000000e+00,4.530000000000000249e+00
-2.791700000000000070e+00,1.000000000000000000e+00,3.043800000000000061e+00
3.856900000000000261e+01,1.000000000000000000e+00,-3.209340000000000259e+01
-1.454149999999999920e+01,1.000000000000000000e+00,8.894899999999999807e+00
-4.761160000000000281e+01,1.000000000000000000e+00,3.451720000000000255e+01
-1.537110000000000021e+01,1.000000000000000000e+00,1.120260000000000034e+01
4.500430000000000064e+01,1.000000000000000000e+00,-3.600439999999999685e+01
-2.816069999999999851e+01,1.000000000000000000e+00,2.040220000000000056e+01
-2.647319999999999851e+01,1.000000000000000000e+00,2.372019999999999840e+01
-3.087399999999999878e+01,1.000000000000000000e+00,2.276200000000000045e+01
-4.841270000000000095e+01,1.000000000000000000e+00,3.165099999999999980e+01
7.690400000000000347e+00,1.000000000000000000e+00,-2.115200000000000191e+00
-2.452969999999999828e+01,1.000000000000000000e+00,1.999830000000000041e+01
-2.905069999999999908e+01,1.000000000000000000e+00,2.510960000000000036e+01
1.998839999999999861e+01,1.000000000000000000e+00,-1.538739999999999952e+01
-4.635300000000000153e+01,1.000000000000000000e+00,3.728020000000000067e+01
-4.953370000000000317e+01,1.000000000000000000e+00,3.722590000000000288e+01
-1.401839999999999975e+01,1.000000000000000000e+00,6.923700000000000188e+00
3.166799999999999837e+00,1.000000000000000000e+00,-2.974999999999999867e-01
-3.321690000000000254e+01,1.000000000000000000e+00,2.504570000000000007e+01
-2.260999999999999943e+01,1.000000000000000000e+00,2.029230000000000089e+01
-4.680440000000000111e+01,1.000000000000000000e+00,3.560900000000000176e+01
1.759400000000000075e+00,1.000000000000000000e+00,2.652499999999999858e+00
4.072000000000000064e+00,1.000000000000000000e+00,-2.389400000000000190e+00
-4.164540000000000219e+01,1.000000000000000000e+00,3.481300000000000239e+01
-4.806810000000000116e+01,1.000000000000000000e+00,3.239430000000000121e+01
1.362909999999999933e+01,1.000000000000000000e+00,-1.103769999999999918e+01
-2.617889999999999873e+01,1.000000000000000000e+00,1.847929999999999851e+01
3.650900000000000034e+01,1.000000000000000000e+00,-2.845060000000000144e+01
-3.126210000000000022e+01,1.000000000000000000e+00,2.224010000000000176e+01
-2.484700000000000131e+00,1.000000000000000000e+00,4.153400000000000425e+00
-3.607200000000000273e+01,1.000000000000000000e+00,2.906040000000000134e+01
-2.813169999999999860e+01,1.000000000000000000e+00,2.144559999999999889e+01
-1.667160000000000153e+01,1.000000000000000000e+00,1.357210000000000072e+01
1.731469999999999843e+01,1.000000000000000000e+00,-1.193560000000000088e+01
1.051030000000000086e+01,1.000000000000000000e+00,-6.617399999999999949e+00
2.903740000000000165e+01,1.000000000000000000e+00,-2.345520000000000138e+01
1.804400000000000048e+01,1.000000000000000000e+00,-1.549520000000000053e+01
4.880649999999999977e+01,1.000000000000000000e+00,-3.818139999999999645e+01
3.990639999999999787e+01,1.000000000000000000e+00,-2.638149999999999906e+01
-1.070599999999999952e+01,1.000000000000000000e+00,6.598499999999999588e+00
-4.989869999999999806e+01,1.000000000000000000e+00,3.755680000000000263e+01
1.251120000000000054e+01,1.000000000000000000e+00,-6.487800000000000011e+00
2.233650000000000091e+01,1.000000000000000000e+00,-1.718550000000000111e+01
2.043349999999999866e+01,1.000000000000000000e+00,-1.231859999999999999e+01
-1.961220000000000141e+01,1.000000000000000000e+00,1.605880000000000152e+01
1.723349999999999937e+01,1.000000000000000000e+00,-1.189649999999999963e+01
1.152650000000000041e+01,1.000000000000000000e+00,-9.633699999999999264e+00
4.680129999999999768e+01,1.000000000000000000e+00,-3.644429999999999836e+01
-8.864599999999999369e+00,1.000000000000000000e+00,1.013250000000000028e+01
4.928269999999999840e+01,1.000000000000000000e+00,-3.586319999999999908e+01
-4.184899999999999842e+00,1.000000000000000000e+00,1.078100000000000058e+00
7.727899999999999991e+00,1.000000000000000000e+00,-6.952600000000000335e+00
2.261380000000000123e+01,1.000000000000000000e+00,-1.598010000000000019e+01
-1.242599999999999927e+00,1.000000000000000000e+00,1.332500000000000018e+00
-2.301190000000000069e+01,1.000000000000000000e+00,2.124960000000000093e+01
-2.746099999999999852e+01,1.000000000000000000e+00,2.384090000000000131e+01
-2.995250000000000057e+01,1.000000000000000000e+00,1.936580000000000013e+01
2.249800000000000111e+01,1.000000000000000000e+00,-1.762020000000000053e+01
-2.963260000000000005e+01,1.000000000000000000e+00,2.199889999999999901e+01
2.997000000000000219e-01,1.000000000000000000e+00,-2.231799999999999784e+00
-2.804759999999999920e+01,1.000000000000000000e+00,2.149650000000000105e+01
6.420899999999999608e+00,1.000000000000000000e+00,-4.501900000000000013e+00
-4.171450000000000102e+01,1.000000000000000000e+00,3.117989999999999995e+01
-4.302200000000000024e+00,1.000000000000000000e+00,4.680500000000000327e+00
-4.541879999999999740e+01,1.000000000000000000e+00,3.462109999999999843e+01
2.357319999999999993e+01,1.000000000000000000e+00,-1.961510000000000176e+01
3.177680000000000149e+01,1.000000000000000000e+00,-2.495970000000000155e+01
2.353539999999999921e+01,1.000000000000000000e+00,-1.512020000000000053e+01
8.396000000000000796e+00,1.000000000000000000e+00,-6.587600000000000122e+00
4.586999999999999744e+01,1.000000000000000000e+00,-3.354129999999999967e+01
3.361800000000000210e+01,1.000000000000000000e+00,-2.575499999999999901e+01
1.709319999999999951e+01,1.000000000000000000e+00,-1.661250000000000071e+01
2.794999999999999929e+01,1.000000000000000000e+00,-2.152270000000000039e+01
-4.625719999999999743e+01,1.000000000000000000e+00,3.513269999999999982e+01
1.088129999999999953e+01,1.000000000000000000e+00,-5.863000000000000433e+00
2.762150000000000105e+01,1.000000000000000000e+00,-2.118919999999999959e+01
2.157079999999999842e+01,1.000000000000000000e+00,-1.626699999999999946e+01
3.378040000000000020e+01,1.000000000000000000e+00,-2.404019999999999868e+01
3.611899999999999977e+01,1.000000000000000000e+00,-2.630000000000000071e+01
4.997690000000000055e+01,1.000000000000000000e+00,-3.648380000000000223e+01
-1.030000000000000027e+00,1.000000000000000000e+00,3.811100000000000154e+00
3.477900000000000347e+01,1.000000000000000000e+00,-2.496750000000000114e+01
-2.184169999999999945e+01,1.000000000000000000e+00,1.646580000000000155e+01
1.635999999999999954e-01,1.000000000000000000e+00,-2.917000000000000148e-01
4.210179999999999723e+01,1.000000000000000000e+00,-3.043710000000000093e+01
3.424860000000000326e+01,1.000000000000000000e+00,-2.476980000000000004e+01
1.500539999999999985e+01,1.000000000000000000e+00,-1.117159999999999975e+01
3.869200000000000017e+01,1.000000000000000000e+00,-2.831719999999999970e+01
-2.329119999999999990e+01,1.000000000000000000e+00,1.852230000000000132e+01
-1.665609999999999857e+01,1.000000000000000000e+00,1.322649999999999970e+01
3.196049999999999969e+01,1.000000000000000000e+00,-2.433190000000000097e+01
-3.380619999999999692e+01,1.000000000000000000e+00,2.709860000000000113e+01
3.864990000000000236e+01,1.000000000000000000e+00,-2.836520000000000152e+01
1.409050000000000047e+01,1.000000000000000000e+00,-1.043210000000000015e+01
-1.435899999999999999e+01,1.000000000000000000e+00,1.031690000000000040e+01
-3.979919999999999902e+01,1.000000000000000000e+00,3.399730000000000274e+01
-6.059599999999999653e+00,1.000000000000000000e+00,4.176800000000000068e+00
-2.154999999999999805e+00,1.000000000000000000e+00,3.694599999999999884e+00
-4.483590000000000231e+01,1.000000000000000000e+00,2.923910000000000053e+01
-3.219469999999999743e+01,1.000000000000000000e+00,2.474889999999999901e+01
-3.923360000000000269e+01,1.000000000000000000e+00,3.232920000000000016e+01
-1.957890000000000086e+01,1.000000000000000000e+00,1.398010000000000019e+01
2.110950000000000060e+01,1.000000000000000000e+00,-1.906889999999999930e+01
3.796560000000000201e+01,1.000000000000000000e+00,-2.685820000000000007e+01
4.552100000000000080e+01,1.000000000000000000e+00,-3.381099999999999994e+01
-3.339719999999999800e+01,1.000000000000000000e+00,2.695769999999999911e+01
-1.714470000000000027e+01,1.000000000000000000e+00,1.387190000000000012e+01
-2.906680000000000064e+01,1.000000000000000000e+00,2.464989999999999881e+01
1.135539999999999949e+01,1.000000000000000000e+00,-8.026799999999999713e+00
-1.869849999999999923e+01,1.000000000000000000e+00,1.453449999999999953e+01
-3.708000000000000185e+00,1.000000000000000000e+00,5.750999999999999446e-01
-2.467259999999999920e+01,1.000000000000000000e+00,1.882489999999999952e+01
-4.819290000000000163e+01,1.000000000000000000e+00,4.116449999999999676e+01
-1.444919999999999938e+01,1.000000000000000000e+00,1.229410000000000025e+01
4.322570000000000334e+01,1.000000000000000000e+00,-3.318849999999999767e+01
1.979370000000000118e+01,1.000000000000000000e+00,-1.071340000000000003e+01
-3.653940000000000055e+01,1.000000000000000000e+00,2.620840000000000103e+01
-1.644889999999999830e+01,1.000000000000000000e+00,1.182760000000000034e+01
-4.189899999999999736e+00,1.000000000000000000e+00,3.286700000000000177e+00
-7.723399999999999821e+00,1.000000000000000000e+00,6.867300000000000182e+00
-2.524729999999999919e+01,1.000000000000000000e+00,1.837610000000000099e+01
-2.501300000000000168e+01,1.000000000000000000e+00,1.782379999999999853e+01
2.427599999999999980e+00,1.000000000000000000e+00,-1.746999999999999942e-01
3.436059999999999803e+01,1.000000000000000000e+00,-2.523320000000000007e+01
-4.425529999999999831e+01,1.000000000000000000e+00,3.178910000000000124e+01
4.129299999999999748e+00,1.000000000000000000e+00,-2.638700000000000045e+00
2.339430000000000121e+01,1.000000000000000000e+00,-1.745439999999999969e+01
1.600629999999999953e+01,1.000000000000000000e+00,-1.462870000000000026e+01
1.857539999999999836e+01,1.000000000000000000e+00,-1.469030000000000058e+01
1.769400000000000084e+00,1.000000000000000000e+00,9.132000000000000117e-01
-1.525600000000000067e+00,1.000000000000000000e+00,-6.106000000000000316e-01
-4.717300000000000182e+01,1.000000000000000000e+00,3.491680000000000206e+01
2.728340000000000032e+01,1.000000000000000000e+00,-1.798789999999999978e+01
3.267700000000000049e+00,1.000000000000000000e+00,-3.935799999999999965e+00
-1.559350000000000058e+01,1.000000000000000000e+00,1.199029999999999951e+01
4.032309999999999661e+01,1.000000000000000000e+00,-3.175219999999999843e+01
4.602279999999999660e+01,1.000000000000000000e+00,-3.287980000000000302e+01
-4.550719999999999743e+01,1.000000000000000000e+00,3.555839999999999890e+01
4.254260000000000019e+01,1.000000000000000000e+00,-3.173639999999999972e+01
2.491219999999999857e+01,1.000000000000000000e+00,-1.554190000000000005e+01
-3.000349999999999895e+01,1.000000000000000000e+00,2.226040000000000063e+01
2.209710000000000107e+01,1.000000000000000000e+00,-1.388969999999999949e+01
-2.985330000000000084e+01,1.000000000000000000e+00,2.433810000000000073e+01
6.855400000000000382e+00,1.000000000000000000e+00,-6.016200000000000436e+00
3.933160000000000167e+01,1.000000000000000000e+00,-2.711799999999999855e+01
2.883370000000000033e+01,1.000000000000000000e+00,-2.197889999999999944e+01
4.199470000000000169e+01,1.000000000000000000e+00,-3.105440000000000111e+01
8.410000000000000142e+00,1.000000000000000000e+00,-9.467200000000000060e+00
-5.068399999999999572e+00,1.000000000000000000e+00,5.097599999999999909e+00
3.157949999999999946e+01,1.000000000000000000e+00,-2.173600000000000065e+01
4.280579999999999785e+01,1.000000000000000000e+00,-2.884130000000000038e+01
1.491339999999999932e+01,1.000000000000000000e+00,-1.125430000000000064e+01
4.777179999999999893e+01,1.000000000000000000e+00,-3.329549999999999699e+01
-2.387020000000000053e+01,1.000000000000000000e+00,1.255419999999999980e+01
2.681400000000000006e+00,1.000000000000000000e+00,-5.013999999999999568e-01
-7.662600000000000300e+00,1.000000000000000000e+00,7.091999999999999638e+00
9.759800000000000253e+00,1.000000000000000000e+00,-5.753199999999999648e+00
2.048839999999999861e+01,1.000000000000000000e+00,-1.546829999999999927e+01
2.697499999999999787e+00,1.000000000000000000e+00,2.588000000000000078e+00
4.099839999999999662e+01,1.000000000000000000e+00,-3.016989999999999839e+01
-2.986929999999999907e+01,1.000000000000000000e+00,2.115139999999999887e+01
4.499549999999999983e+01,1.000000000000000000e+00,-3.200480000000000302e+01
-4.302969999999999828e+01,1.000000000000000000e+00,3.249790000000000134e+01
-1.495459999999999923e+01,1.000000000000000000e+00,1.138449999999999918e+01
4.049099999999999966e+01,1.000000000000000000e+00,-2.800140000000000029e+01
5.053899999999999615e+00,1.000000000000000000e+00,-5.407899999999999707e+00
-3.967000000000000171e+01,1.000000000000000000e+00,2.716679999999999851e+01
-3.687859999999999872e+01,1.000000000000000000e+00,2.681879999999999953e+01
4.871020000000000039e+01,1.000000000000000000e+00,-3.866499999999999915e+01
-1.775300000000000100e+00,1.000000000000000000e+00,1.587299999999999933e+00
4.180389999999999873e+01,1.000000000000000000e+00,-3.024970000000000070e+01
2.354639999999999844e+01,1.000000000000000000e+00,-1.677880000000000038e+01
4.472149999999999892e+01,1.000000000000000000e+00,-3.274260000000000304e+01
-3.198839999999999861e+01,1.000000000000000000e+00,2.213749999999999929e+01
-4.374909999999999854e+01,1.000000000000000000e+00,3.212039999999999651e+01
-4.893719999999999715e+01,1.000000000000000000e+00,3.648720000000000141e+01
8.746499999999999275e+00,1.000000000000000000e+00,-4.160099999999999909e+00
3.241899999999999782e+00,1.000000000000000000e+00,-9.840999999999999748e-01
-1.721330000000000027e+01,1.000000000000000000e+00,1.220969999999999978e+01
1.087829999999999941e+01,1.000000000000000000e+00,-7.358100000000000307e+00
3.638399999999999856e+00,1.000000000000000000e+00,-2.449600000000000222e+00
-2.819000000000000128e+01,1.000000000000000000e+00,2.071150000000000091e+01
2.088169999999999860e+01,1.000000000000000000e+00,-1.429850000000000065e+01
-4.859960000000000235e+01,1.000000000000000000e+00,3.344389999999999930e+01
-4.367289999999999850e+01,1.000000000000000000e+00,3.183269999999999911e+01
1.515450000000000053e+01,1.000000000000000000e+00,-8.717700000000000671e+00
4.547820000000000107e+01,1.000000000000000000e+00,-3.614520000000000266e+01
2.527200000000000113e+00,1.000000000000000000e+00,-5.922399999999999665e+00
-8.489699999999999136e+00,1.000000000000000000e+00,4.762800000000000367e+00
-2.377819999999999823e+01,1.000000000000000000e+00,1.690269999999999939e+01
2.299569999999999936e+01,1.000000000000000000e+00,-1.547499999999999964e+01
-4.688029999999999831e+01,1.000000000000000000e+00,3.552499999999999858e+01
9.188900000000000290e+00,1.000000000000000000e+00,-8.208000000000000185e+00
-4.275350000000000250e+01,1.000000000000000000e+00,3.424329999999999785e+01
4.331490000000000151e+01,1.000000000000000000e+00,-3.031550000000000011e+01
6.048000000000000043e+00,1.000000000000000000e+00,-4.449300000000000033e+00
4.358630000000000138e+01,1.000000000000000000e+00,-3.693829999999999814e+01
-2.442920000000000158e+01,1.000000000000000000e+00,1.811720000000000041e+01
4.157199999999999562e+00,1.000000000000000000e+00,-4.920899999999999608e+00
2.716710000000000136e+01,1.000000000000000000e+00,-2.049149999999999849e+01
-7.433500000000000441e+00,1.000000000000000000e+00,4.138799999999999812e+00
-1.790200000000000014e+00,1.000000000000000000e+00,1.246799999999999908e+00
-3.368229999999999791e+01,1.000000000000000000e+00,3.172919999999999874e+01
-3.431900000000000261e+01,1.000000000000000000e+00,2.716009999999999991e+01
-3.343670000000000186e+01,1.000000000000000000e+00,2.771600000000000108e+01
-3.636549999999999727e+01,1.000000000000000000e+00,2.777339999999999876e+01
4.425450000000000017e+01,1.000000000000000000e+00,-3.053269999999999840e+01
1.621620000000000061e+01,1.000000000000000000e+00,-1.097799999999999976e+01
5.504599999999999937e+00,1.000000000000000000e+00,-4.687400000000000233e+00
-4.920219999999999771e+01,1.000000000000000000e+00,3.514750000000000085e+01
-3.094610000000000127e+01,1.000000000000000000e+00,2.409890000000000043e+01
2.212249999999999872e+01,1.000000000000000000e+00,-1.871310000000000073e+01
4.827960000000000207e+01,1.000000000000000000e+00,-3.335889999999999844e+01
-2.899500000000000188e+00,1.000000000000000000e+00,6.080000000000000071e+00
4.221099999999999852e+01,1.000000000000000000e+00,-3.121930000000000049e+01
-1.949739999999999895e+01,1.000000000000000000e+00,1.665370000000000061e+01
-1.821349999999999980e+01,1.000000000000000000e+00,1.313610000000000078e+01
-3.867029999999999745e+01,1.000000000000000000e+00,2.992780000000000129e+01
-3.985929999999999751e+01,1.000000000000000000e+00,2.983940000000000126e+01
1.432939999999999969e+01,1.000000000000000000e+00,-7.541400000000000325e+00
-4.185520000000000351e+01,1.000000000000000000e+00,3.236469999999999914e+01
4.574280000000000257e+01,1.000000000000000000e+00,-3.177339999999999876e+01
4.575499999999999901e+00,1.000000000000000000e+00,1.134200000000000097e+00
-4.869859999999999900e+01,1.000000000000000000e+00,3.635909999999999798e+01
4.721039999999999992e+01,1.000000000000000000e+00,-3.375300000000000011e+01
-8.816700000000000870e+00,1.000000000000000000e+00,5.793000000000000149e+00
4.209470000000000312e+01,1.000000000000000000e+00,-3.149230000000000018e+01
-6.380799999999999805e+00,1.000000000000000000e+00,5.694700000000000095e+00
-4.974410000000000309e+01,1.000000000000000000e+00,3.976870000000000260e+01
4.454789999999999850e+01,1.000000000000000000e+00,-3.176679999999999993e+01
3.150880000000000081e+01,1.000000000000000000e+00,-1.617760000000000176e+01
-1.697309999999999874e+01,1.000000000000000000e+00,1.397199999999999953e+01
3.253110000000000213e+01,1.000000000000000000e+00,-2.629749999999999943e+01
-2.450400000000000134e+00,1.000000000000000000e+00,2.931599999999999984e+00
2.389989999999999881e+01,1.000000000000000000e+00,-1.842429999999999879e+01
-1.648519999999999897e+01,1.000000000000000000e+00,8.801600000000000534e+00
3.698069999999999879e+01,1.000000000000000000e+00,-2.723949999999999960e+01
2.491430000000000078e+01,1.000000000000000000e+00,-2.066600000000000037e+01
-1.008060000000000045e+01,1.000000000000000000e+00,7.805200000000000138e+00
-2.749180000000000135e+01,1.000000000000000000e+00,2.095429999999999993e+01
2.662190000000000012e+01,1.000000000000000000e+00,-2.035180000000000078e+01
-3.142650000000000077e+01,1.000000000000000000e+00,2.398199999999999932e+01
-1.597729999999999961e+01,1.000000000000000000e+00,1.350430000000000064e+01
-1.119030000000000058e+01,1.000000000000000000e+00,7.788299999999999557e+00
-1.955529999999999902e+01,1.000000000000000000e+00,1.362850000000000072e+01
-1.574430000000000085e+01,1.000000000000000000e+00,1.381109999999999971e+01
3.625500000000000256e+01,1.000000000000000000e+00,-2.408180000000000121e+01
-2.849099999999999966e+01,1.000000000000000000e+00,1.884639999999999915e+01
4.979000000000000092e+00,1.000000000000000000e+00,-5.570100000000000051e+00
-2.000939999999999941e+01,1.000000000000000000e+00,1.620400000000000063e+01
2.933129999999999882e+01,1.000000000000000000e+00,-2.156680000000000064e+01
-4.043679999999999808e+01,1.000000000000000000e+00,2.932160000000000011e+01
-1.035469999999999935e+01,1.000000000000000000e+00,5.401099999999999568e+00
-4.445999999999999952e-01,1.000000000000000000e+00,-4.596999999999999975e-01
-4.524819999999999709e+01,1.000000000000000000e+00,3.552259999999999707e+01
-1.416600000000000037e+01,1.000000000000000000e+00,1.197059999999999924e+01
-1.275350000000000072e+01,1.000000000000000000e+00,8.110599999999999810e+00
-1.502710000000000079e+01,1.000000000000000000e+00,1.186149999999999949e+01
4.284699999999999953e+00,1.000000000000000000e+00,-3.476399999999999935e+00
-7.278699999999999726e+00,1.000000000000000000e+00,3.929899999999999949e+00
-4.678040000000000020e+01,1.000000000000000000e+00,3.432459999999999667e+01
-7.815800000000000303e+00,1.000000000000000000e+00,9.365800000000000125e+00
1.644000000000000128e+01,1.000000000000000000e+00,-1.185069999999999979e+01
8.409999999999999698e-01,1.000000000000000000e+00,1.371799999999999908e+00
1.481400000000000006e+01,1.000000000000000000e+00,-6.676499999999999879e+00
2.912569999999999837e+01,1.000000000000000000e+00,-2.131559999999999988e+01
2.641629999999999967e+01,1.000000000000000000e+00,-1.614189999999999969e+01
2.116059999999999874e+01,1.000000000000000000e+00,-1.323150000000000048e+01
3.713649999999999807e+01,1.000000000000000000e+00,-2.466959999999999908e+01
-2.262640000000000029e+01,1.000000000000000000e+00,1.760739999999999839e+01
-4.153710000000000235e+01,1.000000000000000000e+00,2.907229999999999848e+01
-4.355939999999999657e+01,1.000000000000000000e+00,3.587279999999999802e+01
1.032799999999999940e+00,1.000000000000000000e+00,5.440000000000000391e-01
2.678199999999999914e+00,1.000000000000000000e+00,-2.250700000000000145e+00
-1.450380000000000003e+01,1.000000000000000000e+00,1.320599999999999952e+01
4.770909999999999940e+01,1.000000000000000000e+00,-3.332900000000000063e+01
-4.713779999999999859e+01,1.000000000000000000e+00,3.778130000000000166e+01
3.270839999999999748e+01,1.000000000000000000e+00,-2.096989999999999910e+01
5.096000000000000529e-01,1.000000000000000000e+00,2.674300000000000122e+00
-3.246999999999999886e-01,1.000000000000000000e+00,1.379099999999999993e+00
-2.339570000000000149e+01,1.000000000000000000e+00,1.822879999999999967e+01
2.869109999999999872e+01,1.000000000000000000e+00,-2.158289999999999864e+01
3.368619999999999948e+01,1.000000000000000000e+00,-2.329530000000000101e+01
-1.874769999999999825e+01,1.000000000000000000e+00,1.259520000000000017e+01
-4.207699999999999818e+01,1.000000000000000000e+00,2.974109999999999943e+01
1.473189999999999955e+01,1.000000000000000000e+00,-1.054930000000000057e+01
-4.421880000000000166e+01,1.000000000000000000e+00,3.325260000000000105e+01
2.440739999999999910e+01,1.000000000000000000e+00,-1.866750000000000043e+01
1.444689999999999941e+01,1.000000000000000000e+00,-1.025300000000000011e+01
3.954959999999999809e+01,1.000000000000000000e+00,-2.932770000000000010e+01
3.472390000000000043e+01,1.000000000000000000e+00,-2.707519999999999882e+01
1.254199999999999982e+01,1.000000000000000000e+00,-8.497600000000000264e+00
4.837299999999999933e+00,1.000000000000000000e+00,-2.414299999999999891e+00
1.476299999999999946e+00,1.000000000000000000e+00,-9.170000000000000373e-02
1.609290000000000020e+01,1.000000000000000000e+00,-1.194089999999999918e+01
-3.207909999999999684e+01,1.000000000000000000e+00,2.709939999999999927e+01
-4.485949999999999704e+01,1.000000000000000000e+00,3.136749999999999972e+01
4.076290000000000191e+01,1.000000000000000000e+00,-2.667470000000000141e+01
2.590800000000000214e+00,1.000000000000000000e+00,-1.758099999999999996e+00
-2.656439999999999912e+01,1.000000000000000000e+00,2.068850000000000122e+01
1.454229999999999912e+01,1.000000000000000000e+00,-8.202799999999999869e+00
-6.190699999999999648e+00,1.000000000000000000e+00,4.477000000000000313e+00
-2.978829999999999956e+01,1.000000000000000000e+00,2.082489999999999952e+01
4.310119999999999862e+01,1.000000000000000000e+00,-3.358610000000000184e+01
3.887210000000000321e+01,1.000000000000000000e+00,-2.807849999999999824e+01
-3.660190000000000055e+01,1.000000000000000000e+00,2.509710000000000107e+01
-4.573199999999999932e+00,1.000000000000000000e+00,1.794200000000000017e+00
-2.919799999999999951e+00,1.000000000000000000e+00,4.143999999999999906e-01
-2.044059999999999988e+01,1.000000000000000000e+00,1.463540000000000063e+01
1.481700000000000017e+00,1.000000000000000000e+00,-4.465000000000000080e-01
4.925679999999999836e+01,1.000000000000000000e+00,-3.480649999999999977e+01
1.473670000000000080e+01,1.000000000000000000e+00,-1.050300000000000011e+01
2.261820000000000164e+01,1.000000000000000000e+00,-1.600440000000000040e+01
-1.773470000000000013e+01,1.000000000000000000e+00,1.208419999999999916e+01
-7.442899999999999849e+00,1.000000000000000000e+00,6.480100000000000193e+00
4.329979999999999762e+01,1.000000000000000000e+00,-3.200480000000000302e+01
1.090569999999999951e+01,1.000000000000000000e+00,-1.017689999999999984e+01
-2.003729999999999833e+01,1.000000000000000000e+00,1.671869999999999834e+01
-1.577399999999999913e+00,1.000000000000000000e+00,-2.836199999999999832e+00
4.661999999999999922e+00,1.000000000000000000e+00,-1.500299999999999967e+00
2.832410000000000139e+01,1.000000000000000000e+00,-1.959450000000000003e+01
-1.087829999999999941e+01,1.000000000000000000e+00,1.055380000000000074e+01
-9.709999999999999742e-01,1.000000000000000000e+00,5.947999999999999954e-01
2.963159999999999883e+01,1.000000000000000000e+00,-2.125499999999999901e+01
-1.371599999999999930e+00,1.000000000000000000e+00,5.319999999999999729e-02
-7.235699999999999577e+00,1.000000000000000000e+00,5.750600000000000378e+00
-4.208619999999999806e+01,1.000000000000000000e+00,3.308840000000000003e+01
3.390460000000000207e+01,1.000000000000000000e+00,-2.729939999999999856e+01
3.107649999999999935e+01,1.000000000000000000e+00,-2.406540000000000035e+01
3.587619999999999720e+01,1.000000000000000000e+00,-2.715719999999999956e+01
3.469069999999999965e+01,1.000000000000000000e+00,-2.697469999999999857e+01
-8.891600000000000392e+00,1.000000000000000000e+00,7.523699999999999832e+00
-2.583200000000000163e+00,1.000000000000000000e+00,-5.271000000000000130e-01
4.475710000000000122e+01,1.000000000000000000e+00,-3.178470000000000084e+01
-4.037319999999999709e+01,1.000000000000000000e+00,3.101739999999999853e+01
7.127399999999999736e+00,1.000000000000000000e+00,-5.388700000000000045e+00
1.366769999999999996e+01,1.000000000000000000e+00,-1.050029999999999930e+01
-9.697699999999999321e+00,1.000000000000000000e+00,1.157259999999999955e+01
4.989000000000000101e-01,1.000000000000000000e+00,6.844000000000000083e-01
-2.564620000000000033e+01,1.000000000000000000e+00,2.120120000000000005e+01
-4.178009999999999735e+01,1.000000000000000000e+00,2.934029999999999916e+01
2.053049999999999997e+01,1.000000000000000000e+00,-1.262250000000000050e+01
-2.384410000000000096e+01,1.000000000000000000e+00,1.876139999999999830e+01
-7.969999999999999307e-02,1.000000000000000000e+00,1.733400000000000052e+00
4.819919999999999760e+01,1.000000000000000000e+00,-3.284060000000000201e+01
-4.907269999999999754e+01,1.000000000000000000e+00,3.579099999999999682e+01
-3.003249999999999886e+01,1.000000000000000000e+00,2.181810000000000116e+01
-3.226939999999999742e+01,1.000000000000000000e+00,2.721890000000000143e+01
-2.574879999999999924e+01,1.000000000000000000e+00,1.615660000000000096e+01
3.065919999999999845e+01,1.000000000000000000e+00,-2.153999999999999915e+01
4.813900000000000290e+01,1.000000000000000000e+00,-3.614410000000000167e+01
3.679879999999999995e+01,1.000000000000000000e+00,-2.771890000000000143e+01
-3.897140000000000271e+01,1.000000000000000000e+00,3.115820000000000078e+01
-4.994109999999999872e+01,1.000000000000000000e+00,3.826820000000000022e+01
-2.101129999999999853e+01,1.000000000000000000e+00,1.774559999999999960e+01
4.430910000000000082e+01,1.000000000000000000e+00,-3.173799999999999955e+01
-4.293149999999999977e+01,1.000000000000000000e+00,3.225099999999999767e+01
-4.234729999999999706e+01,1.000000000000000000e+00,3.326489999999999725e+01
-8.407000000000000028e+00,1.000000000000000000e+00,6.972500000000000142e+00
-1.390579999999999927e+01,1.000000000000000000e+00,1.245899999999999963e+01
-4.358070000000000022e+01,1.000000000000000000e+00,3.097060000000000102e+01
7.208700000000000330e+00,1.000000000000000000e+00,-6.802200000000000024e+00
4.490720000000000312e+01,1.000000000000000000e+00,-3.228509999999999991e+01
1.298830000000000062e+01,1.000000000000000000e+00,-1.044759999999999955e+01
-1.859039999999999893e+01,1.000000000000000000e+00,1.604560000000000031e+01
6.740099999999999980e+00,1.000000000000000000e+00,-3.397699999999999942e+00
-8.158799999999999386e+00,1.000000000000000000e+00,5.786699999999999733e+00
-1.041510000000000069e+01,1.000000000000000000e+00,6.381400000000000183e+00
1.866250000000000142e+01,1.000000000000000000e+00,-1.165549999999999997e+01
-1.362599999999999945e+01,1.000000000000000000e+00,1.083900000000000041e+01
2.690960000000000107e+01,1.000000000000000000e+00,-1.680160000000000053e+01
4.085090000000000288e+01,1.000000000000000000e+00,-3.034450000000000003e+01
-4.766299999999999670e+01,1.000000000000000000e+00,3.535840000000000316e+01
1.734140000000000015e+01,1.000000000000000000e+00,-9.754799999999999471e+00
-3.437250000000000227e+01,1.000000000000000000e+00,2.272520000000000095e+01
1.617340000000000089e+01,1.000000000000000000e+00,-1.008409999999999940e+01
7.364600000000000257e+00,1.000000000000000000e+00,-5.240300000000000402e+00
-3.436630000000000251e+01,1.000000000000000000e+00,2.928910000000000124e+01
4.748760000000000048e+01,1.000000000000000000e+00,-3.061880000000000024e+01
2.112580000000000169e+01,1.000000000000000000e+00,-1.104909999999999926e+01
-8.037499999999999645e+00,1.000000000000000000e+00,6.621900000000000119e+00
2.600379999999999825e+01,1.000000000000000000e+00,-1.539920000000000044e+01
4.128799999999999670e+01,1.000000000000000000e+00,-3.039689999999999870e+01
1.283840000000000003e+01,1.000000000000000000e+00,-1.006129999999999924e+01
-2.162059999999999960e+01,1.000000000000000000e+00,1.498070000000000057e+01
-3.833019999999999783e+01,1.000000000000000000e+00,2.846880000000000166e+01
-1.154039999999999999e+01,1.000000000000000000e+00,8.529999999999999361e+00
-2.148219999999999885e+01,1.000000000000000000e+00,1.692930000000000135e+01
9.699299999999999145e+00,1.000000000000000000e+00,-6.455599999999999561e+00
-4.654599999999999937e+01,1.000000000000000000e+00,3.717929999999999779e+01
3.569299999999999784e+01,1.000000000000000000e+00,-2.565170000000000172e+01
3.380660000000000309e+01,1.000000000000000000e+00,-2.374459999999999837e+01
3.525410000000000110e+01,1.000000000000000000e+00,-2.555870000000000175e+01
-1.057339999999999947e+01,1.000000000000000000e+00,7.503300000000000303e+00
-1.677540000000000120e+01,1.000000000000000000e+00,1.860079999999999956e+01
2.397400000000000020e+01,1.000000000000000000e+00,-1.519979999999999976e+01
1.022789999999999999e+01,1.000000000000000000e+00,-5.973099999999999632e+00
2.747400000000000020e+01,1.000000000000000000e+00,-1.814329999999999998e+01
9.570399999999999352e+00,1.000000000000000000e+00,-6.719699999999999562e+00
3.102929999999999922e+01,1.000000000000000000e+00,-2.121509999999999962e+01
-2.069960000000000022e+01,1.000000000000000000e+00,1.484079999999999977e+01
-9.257500000000000284e+00,1.000000000000000000e+00,7.423099999999999810e+00
1.653839999999999932e+01,1.000000000000000000e+00,-9.962300000000000821e+00
-4.806400000000000006e+00,1.000000000000000000e+00,4.367799999999999905e+00
-6.146099999999999675e+00,1.000000000000000000e+00,1.057680000000000042e+01
3.148270000000000124e+01,1.000000000000000000e+00,-2.311809999999999832e+01
4.083809999999999718e+01,1.000000000000000000e+00,-2.846950000000000003e+01
-5.067400000000000126e+00,1.000000000000000000e+00,3.500300000000000189e+00
1.920720000000000027e+01,1.000000000000000000e+00,-1.124290000000000056e+01
-1.413649999999999984e+01,1.000000000000000000e+00,1.096289999999999942e+01
-3.103400000000000158e+00,1.000000000000000000e+00,2.254199999999999982e+00
-3.113530000000000086e+01,1.000000000000000000e+00,2.697879999999999967e+01
-8.074500000000000455e+00,1.000000000000000000e+00,5.572600000000000442e+00
-1.846500000000000030e+00,1.000000000000000000e+00,6.405800000000000161e+00
-3.749340000000000117e+01,1.000000000000000000e+00,2.759949999999999903e+01
-2.314969999999999928e+01,1.000000000000000000e+00,1.666400000000000148e+01
4.676350000000000051e+01,1.000000000000000000e+00,-3.445100000000000051e+01
-1.392420000000000080e+01,1.000000000000000000e+00,1.136420000000000030e+01
-1.659130000000000038e+01,1.000000000000000000e+00,1.176609999999999978e+01
-1.403399999999999981e+00,1.000000000000000000e+00,1.259600000000000053e+00
-1.573980000000000068e+01,1.000000000000000000e+00,1.223969999999999914e+01
-2.989170000000000016e+01,1.000000000000000000e+00,1.908549999999999969e+01
3.336760000000000304e+01,1.000000000000000000e+00,-2.593809999999999860e+01
-9.725199999999999179e+00,1.000000000000000000e+00,6.310200000000000031e+00
2.308950000000000102e+01,1.000000000000000000e+00,-1.615249999999999986e+01
-2.303049999999999997e+01,1.000000000000000000e+00,1.647429999999999950e+01
4.771090000000000231e+01,1.000000000000000000e+00,-3.232639999999999958e+01
-3.262339999999999662e+01,1.000000000000000000e+00,2.435529999999999973e+01
4.163519999999999754e+01,1.000000000000000000e+00,-3.265469999999999828e+01
-3.853229999999999933e+01,1.000000000000000000e+00,2.978969999999999985e+01
4.899640000000000128e+01,1.000000000000000000e+00,-3.641389999999999816e+01
-4.082979999999999876e+01,1.000000000000000000e+00,3.280579999999999785e+01
1.207740000000000080e+01,1.000000000000000000e+00,-8.322699999999999321e+00
2.210000000000000159e-02,1.000000000000000000e+00,5.552999999999999936e+00
1.322000000000000064e+01,1.000000000000000000e+00,-9.117300000000000182e+00
3.455890000000000128e+01,1.000000000000000000e+00,-2.384339999999999904e+01
-4.023769999999999669e+01,1.000000000000000000e+00,3.396659999999999968e+01
-9.791600000000000747e+00,1.000000000000000000e+00,5.983699999999999797e+00
-4.314959999999999951e+01,1.000000000000000000e+00,3.083699999999999974e+01
-4.959550000000000125e+01,1.000000000000000000e+00,3.897590000000000288e+01
-1.698260000000000147e+01,1.000000000000000000e+00,1.363850000000000051e+01
-3.589489999999999981e+01,1.000000000000000000e+00,2.799269999999999925e+01
-6.009500000000000064e+00,1.000000000000000000e+00,5.855900000000000105e+00
-1.327430000000000021e+01,1.000000000000000000e+00,1.262519999999999953e+01
2.651579999999999870e+01,1.000000000000000000e+00,-1.952540000000000120e+01
-1.654129999999999967e+01,1.000000000000000000e+00,1.588640000000000008e+01
-3.185989999999999966e+01,1.000000000000000000e+00,2.298300000000000054e+01
-4.470060000000000144e+01,1.000000000000000000e+00,3.352320000000000277e+01
-3.353079999999999927e+01,1.000000000000000000e+00,2.719519999999999982e+01
-9.426800000000000068e+00,1.000000000000000000e+00,9.095900000000000318e+00
-4.243769999999999953e+01,1.000000000000000000e+00,3.337780000000000058e+01
-1.789199999999999902e+00,1.000000000000000000e+00,4.028800000000000381e+00
-3.251780000000000115e+01,1.000000000000000000e+00,2.556800000000000139e+01
3.114679999999999893e+01,1.000000000000000000e+00,-2.438210000000000122e+01
4.599830000000000041e+01,1.000000000000000000e+00,-3.527649999999999864e+01
5.204299999999999926e+00,1.000000000000000000e+00,-5.367700000000000138e+00
-2.355099999999999838e+01,1.000000000000000000e+00,1.734710000000000107e+01
1.770179999999999865e+01,1.000000000000000000e+00,-1.285950000000000060e+01
-2.666430000000000078e+01,1.000000000000000000e+00,2.242460000000000164e+01
4.233700000000000330e+01,1.000000000000000000e+00,-3.183060000000000045e+01
1.902909999999999968e+01,1.000000000000000000e+00,-1.045470000000000077e+01
-3.339280000000000115e+01,1.000000000000000000e+00,2.570820000000000149e+01
2.288759999999999906e+01,1.000000000000000000e+00,-1.867170000000000130e+01
2.981500000000000128e+01,1.000000000000000000e+00,-2.163040000000000163e+01
1.889430000000000121e+01,1.000000000000000000e+00,-1.424760000000000026e+01
-3.077220000000000155e+01,1.000000000000000000e+00,2.442940000000000111e+01
3.751380000000000337e+01,1.000000000000000000e+00,-2.595570000000000022e+01
-4.265310000000000201e+01,1.000000000000000000e+00,3.111029999999999873e+01
2.176510000000000034e+01,1.000000000000000000e+00,-1.422869999999999990e+01
-1.245390000000000086e+01,1.000000000000000000e+00,9.560100000000000264e+00
-5.222699999999999676e+00,1.000000000000000000e+00,8.902799999999999159e+00
2.696989999999999910e+01,1.000000000000000000e+00,-2.122449999999999903e+01
4.464070000000000249e+01,1.000000000000000000e+00,-3.053940000000000055e+01
-2.144150000000000134e+01,1.000000000000000000e+00,1.797919999999999874e+01
3.335139999999999816e+01,1.000000000000000000e+00,-2.769800000000000040e+01
-1.998170000000000002e+01,1.000000000000000000e+00,1.091750000000000043e+01
3.375289999999999679e+01,1.000000000000000000e+00,-2.436479999999999890e+01
-1.763830000000000098e+01,1.000000000000000000e+00,1.578049999999999997e+01
4.934700000000000131e+01,1.000000000000000000e+00,-3.700849999999999795e+01
-5.361799999999999677e+00,1.000000000000000000e+00,4.529899999999999594e+00
-4.439500000000000313e+01,1.000000000000000000e+00,3.233239999999999981e+01
1.184130000000000038e+01,1.000000000000000000e+00,-9.849999999999999645e+00
7.924100000000000144e+00,1.000000000000000000e+00,-3.525500000000000078e+00
-4.892540000000000333e+01,1.000000000000000000e+00,3.512760000000000105e+01
3.258760000000000190e+01,1.000000000000000000e+00,-2.400740000000000052e+01
-2.283800000000000097e+01,1.000000000000000000e+00,1.660670000000000002e+01
-7.606700000000000017e+00,1.000000000000000000e+00,1.036110000000000042e+01
1.296819999999999951e+01,1.000000000000000000e+00,-7.556000000000000050e+00
1.903999999999999915e+01,1.000000000000000000e+00,-1.846519999999999939e+01
1.224399999999999977e+01,1.000000000000000000e+00,-1.237340000000000018e+01
1.665960000000000107e+01,1.000000000000000000e+00,-1.154669999999999952e+01
-2.929189999999999827e+01,1.000000000000000000e+00,2.620540000000000092e+01
-1.329599999999999937e+01,1.000000000000000000e+00,8.785600000000000520e+00
-4.881089999999999662e+01,1.000000000000000000e+00,3.585450000000000159e+01
4.471620000000000061e+01,1.000000000000000000e+00,-3.266449999999999676e+01
2.263599999999999834e+00,1.000000000000000000e+00,6.741000000000000325e-01
3.543670000000000186e+01,1.000000000000000000e+00,-2.794989999999999952e+01
1.053270000000000017e+01,1.000000000000000000e+00,-8.209500000000000242e+00
-2.497889999999999944e+01,1.000000000000000000e+00,1.741639999999999944e+01
4.125799999999999912e+00,1.000000000000000000e+00,-1.850899999999999990e+00
-2.598549999999999827e+01,1.000000000000000000e+00,2.337300000000000111e+01
-1.255600000000000049e+00,1.000000000000000000e+00,-1.799999999999999951e-03
2.393270000000000053e+01,1.000000000000000000e+00,-1.827189999999999870e+01
4.536880000000000024e+01,1.000000000000000000e+00,-3.202989999999999782e+01
-1.255380000000000074e+01,1.000000000000000000e+00,7.138899999999999579e+00
1.030979999999999919e+01,1.000000000000000000e+00,-5.901299999999999990e+00
-2.015200000000000102e+00,1.000000000000000000e+00,4.627100000000000435e+00
2.230570000000000164e+01,1.000000000000000000e+00,-1.787320000000000064e+01
-1.154850000000000065e+01,1.000000000000000000e+00,1.080000000000000071e+01
4.709309999999999974e+01,1.000000000000000000e+00,-3.666299999999999670e+01
6.234099999999999753e+00,1.000000000000000000e+00,-4.392000000000000348e+00
-4.369000000000000106e-01,1.000000000000000000e+00,4.038499999999999979e+00
3.062809999999999988e+01,1.000000000000000000e+00,-2.234270000000000067e+01
1.689799999999999969e+00,1.000000000000000000e+00,4.606000000000000094e-01
2.120420000000000016e+01,1.000000000000000000e+00,-1.251839999999999975e+01
-3.910560000000000258e+01,1.000000000000000000e+00,3.214390000000000214e+01
-2.420500000000000096e+00,1.000000000000000000e+00,3.532599999999999962e+00
-4.888110000000000355e+01,1.000000000000000000e+00,3.721540000000000248e+01
-3.437980000000000302e+01,1.000000000000000000e+00,2.223349999999999937e+01
4.113360000000000127e+01,1.000000000000000000e+00,-2.996750000000000114e+01
4.782639999999999958e+01,1.000000000000000000e+00,-3.724190000000000111e+01
-3.011390000000000100e+01,1.000000000000000000e+00,1.965129999999999910e+01
7.212299999999999933e+00,1.000000000000000000e+00,-5.324699999999999989e+00
-4.600889999999999702e+01,1.000000000000000000e+00,3.211489999999999867e+01
-3.929740000000000322e+01,1.000000000000000000e+00,3.067229999999999990e+01
7.307400000000000340e+00,1.000000000000000000e+00,-6.467999999999999972e+00
-4.232739999999999725e+01,1.000000000000000000e+00,3.287619999999999720e+01
1.525210000000000043e+01,1.000000000000000000e+00,-8.369099999999999540e+00
-3.363530000000000086e+01,1.000000000000000000e+00,2.796470000000000056e+01
-1.409510000000000041e+01,1.000000000000000000e+00,1.280530000000000079e+01
-2.001099999999999923e+01,1.000000000000000000e+00,1.510989999999999966e+01
1.286580000000000013e+01,1.000000000000000000e+00,-1.338330000000000020e+01
-2.570060000000000144e+01,1.000000000000000000e+00,1.932519999999999882e+01
-3.091240000000000165e+01,1.000000000000000000e+00,2.566159999999999997e+01
-1.204749999999999943e+01,1.000000000000000000e+00,9.310499999999999332e+00
4.023109999999999786e+01,1.000000000000000000e+00,-2.976879999999999882e+01
-9.435499999999999332e+00,1.000000000000000000e+00,7.628599999999999604e+00
2.069239999999999924e+01,1.000000000000000000e+00,-1.365310000000000024e+01
6.515699999999999825e+00,1.000000000000000000e+00,-7.176700000000000301e+00
-2.613719999999999999e+01,1.000000000000000000e+00,2.129159999999999897e+01
-2.462120000000000175e+01,1.000000000000000000e+00,1.644450000000000145e+01
-3.840879999999999939e+01,1.000000000000000000e+00,2.977590000000000003e+01
6.105599999999999916e+00,1.000000000000000000e+00,-4.479099999999999859e+00
-4.765039999999999765e+01,1.000000000000000000e+00,3.662039999999999651e+01
-2.165360000000000085e+01,1.000000000000000000e+00,1.530850000000000044e+01
2.884300000000000086e+00,1.000000000000000000e+00,-3.129000000000000004e+00
-3.513159999999999883e+01,1.000000000000000000e+00,2.330039999999999978e+01
-3.902700000000000102e+01,1.000000000000000000e+00,2.893609999999999971e+01
-4.964159999999999684e+01,1.000000000000000000e+00,4.122760000000000247e+01
3.320779999999999887e+01,1.000000000000000000e+00,-2.665680000000000049e+01
-2.911560000000000059e+01,1.000000000000000000e+00,2.307319999999999993e+01
3.487089999999999890e+01,1.000000000000000000e+00,-2.712460000000000093e+01
-1.268919999999999959e+01,1.000000000000000000e+00,1.119040000000000035e+01
-1.902329999999999899e+01,1.000000000000000000e+00,1.633220000000000027e+01
4.811390000000000100e+01,1.000000000000000000e+00,-3.203240000000000265e+01
2.930649999999999977e+01,1.000000000000000000e+00,-1.904789999999999850e+01
1.907389999999999830e+01,1.000000000000000000e+00,-1.209600000000000009e+01
-1.162659999999999982e+01,1.000000000000000000e+00,1.113719999999999999e+01
2.565230000000000032e+01,1.000000000000000000e+00,-1.639489999999999981e+01
1.411500000000000021e+01,1.000000000000000000e+00,-1.335469999999999935e+01
1.228480000000000061e+01,1.000000000000000000e+00,-1.163840000000000074e+01
4.345600000000000307e+01,1.000000000000000000e+00,-3.143059999999999832e+01
-2.304840000000000089e+01,1.000000000000000000e+00,2.078669999999999973e+01
3.973800000000000221e+00,1.000000000000000000e+00,-2.829000000000000181e+00
4.088980000000000103e+01,1.000000000000000000e+00,-2.861289999999999978e+01
2.512559999999999860e+01,1.000000000000000000e+00,-1.665579999999999927e+01
-1.820970000000000155e+01,1.000000000000000000e+00,1.341239999999999988e+01
4.976279999999999859e+01,1.000000000000000000e+00,-3.669129999999999825e+01
-3.348940000000000339e+01,1.000000000000000000e+00,2.413820000000000121e+01
3.750589999999999691e+01,1.000000000000000000e+00,-2.739750000000000085e+01
-2.520720000000000027e+01,1.000000000000000000e+00,1.785839999999999961e+01
3.912930000000000064e+01,1.000000000000000000e+00,-2.915709999999999980e+01
-1.499929999999999986e+01,1.000000000000000000e+00,1.252079999999999949e+01
-2.791809999999999903e+01,1.000000000000000000e+00,1.959609999999999985e+01
-3.149769999999999825e+01,1.000000000000000000e+00,2.714430000000000121e+01
-1.738990000000000080e+01,1.000000000000000000e+00,1.498450000000000060e+01
2.175499999999999901e+01,1.000000000000000000e+00,-1.303979999999999961e+01
-2.047629999999999839e+01,1.000000000000000000e+00,1.707900000000000063e+01
-8.493399999999999395e+00,1.000000000000000000e+00,4.509199999999999875e+00
-4.746609999999999729e+01,1.000000000000000000e+00,4.082909999999999684e+01
1.414550000000000018e+01,1.000000000000000000e+00,-9.071699999999999875e+00
-6.635699999999999932e+00,1.000000000000000000e+00,8.521399999999999864e+00
2.667699999999999960e+00,1.000000000000000000e+00,-9.679999999999999716e-02
3.256969999999999743e+01,1.000000000000000000e+00,-2.216079999999999828e+01
4.387539999999999907e+01,1.000000000000000000e+00,-3.194940000000000069e+01
-3.880989999999999895e+01,1.000000000000000000e+00,2.546490000000000009e+01
2.703719999999999857e+01,1.000000000000000000e+00,-1.858849999999999980e+01
1.279299999999999926e+01,1.000000000000000000e+00,-1.087459999999999916e+01
4.613060000000000116e+01,1.000000000000000000e+00,-3.902439999999999998e+01
2.037199999999999900e+00,1.000000000000000000e+00,1.804799999999999960e+00
-8.616699999999999804e+00,1.000000000000000000e+00,4.980800000000000338e+00
2.068700000000000205e+00,1.000000000000000000e+00,-9.681999999999999496e-01
1.767879999999999896e+01,1.000000000000000000e+00,-1.430310000000000059e+01
2.407839999999999847e+01,1.000000000000000000e+00,-1.740009999999999835e+01
9.163700000000000401e+00,1.000000000000000000e+00,-7.102400000000000269e+00
2.443400000000000016e+00,1.000000000000000000e+00,1.079599999999999893e+00
3.606580000000000297e+01,1.000000000000000000e+00,-2.583330000000000126e+01
4.841700000000000159e+01,1.000000000000000000e+00,-3.748859999999999815e+01
-3.170799999999999841e+01,1.000000000000000000e+00,2.718669999999999831e+01
-2.903659999999999997e+01,1.000000000000000000e+00,2.178409999999999869e+01
-2.288520000000000110e+01,1.000000000000000000e+00,1.849889999999999901e+01
4.700090000000000146e+01,1.000000000000000000e+00,-3.313150000000000261e+01
-4.650869999999999749e+01,1.000000000000000000e+00,3.803260000000000218e+01
-1.828699999999999903e+01,1.000000000000000000e+00,1.354460000000000086e+01
-3.648800000000000043e+00,1.000000000000000000e+00,2.579000000000000181e+00
4.032220000000000226e+01,1.000000000000000000e+00,-2.840139999999999887e+01
-3.296800000000000352e+01,1.000000000000000000e+00,2.278699999999999903e+01
-5.495099999999999874e+00,1.000000000000000000e+00,2.614300000000000068e+00
-3.715709999999999980e+01,1.000000000000000000e+00,2.974259999999999948e+01
2.951770000000000138e+01,1.000000000000000000e+00,-2.257770000000000010e+01
2.890289999999999893e+01,1.000000000000000000e+00,-2.344969999999999999e+01
3.800829999999999842e+01,1.000000000000000000e+00,-3.085269999999999868e+01
3.665780000000000172e+01,1.000000000000000000e+00,-2.854380000000000095e+01
-2.604889999999999972e+01,1.000000000000000000e+00,1.999390000000000001e+01
-3.803119999999999834e+01,1.000000000000000000e+00,2.968349999999999866e+01
3.891329999999999956e+01,1.000000000000000000e+00,-2.325939999999999941e+01
-2.821430000000000149e+01,1.000000000000000000e+00,1.860539999999999949e+01
-1.944610000000000127e+01,1.000000000000000000e+00,1.459670000000000023e+01
-5.055699999999999861e+00,1.000000000000000000e+00,4.115800000000000125e+00
-4.436240000000000094e+01,1.000000000000000000e+00,3.166989999999999839e+01
-2.698620000000000019e+01,1.000000000000000000e+00,1.534880000000000067e+01
-4.623610000000000042e+01,1.000000000000000000e+00,3.565409999999999968e+01
-1.687709999999999866e+01,1.000000000000000000e+00,1.308109999999999928e+01
-4.720439999999999969e+01,1.000000000000000000e+00,3.630980000000000274e+01
-4.536269999999999669e+01,1.000000000000000000e+00,3.318460000000000321e+01
-2.440020000000000167e+01,1.000000000000000000e+00,1.943220000000000169e+01
4.450000000000000000e+01,1.000000000000000000e+00,-3.623239999999999839e+01
8.339299999999999713e+00,1.000000000000000000e+00,-6.407899999999999707e+00
4.694669999999999987e+01,1.000000000000000000e+00,-3.549199999999999733e+01
-4.842229999999999990e+01,1.000000000000000000e+00,3.650710000000000122e+01
3.926000000000000156e+00,1.000000000000000000e+00,-6.605999999999999650e-01
4.481040000000000134e+01,1.000000000000000000e+00,-3.070429999999999993e+01
4.336780000000000257e+01,1.000000000000000000e+00,-3.297939999999999827e+01
2.283900000000000041e+00,1.000000000000000000e+00,-8.065999999999999837e-01
3.326600000000000001e+00,1.000000000000000000e+00,-7.704999999999999627e-01
4.221090000000000231e+01,1.000000000000000000e+00,-3.025230000000000175e+01
-2.329090000000000060e+01,1.000000000000000000e+00,1.918720000000000070e+01
-2.598160000000000025e+01,1.000000000000000000e+00,1.734919999999999973e+01
-2.175890000000000057e+01,1.000000000000000000e+00,1.604469999999999885e+01
-9.763899999999999579e+00,1.000000000000000000e+00,3.331599999999999895e+00
-3.870629999999999882e+01,1.000000000000000000e+00,3.190520000000000067e+01
-3.759170000000000300e+01,1.000000000000000000e+00,2.877499999999999858e+01
-2.064329999999999998e+01,1.000000000000000000e+00,1.735119999999999862e+01
1.287870000000000026e+01,1.000000000000000000e+00,-1.034759999999999991e+01
-6.955899999999999750e+00,1.000000000000000000e+00,3.560799999999999965e+00
4.042799999999999727e+00,1.000000000000000000e+00,-2.354099999999999859e+00
4.594950000000000045e+01,1.000000000000000000e+00,-3.291490000000000293e+01
4.697849999999999682e+01,1.000000000000000000e+00,-3.255879999999999797e+01
-1.720779999999999887e+01,1.000000000000000000e+00,1.315479999999999983e+01
-1.428589999999999982e+01,1.000000000000000000e+00,1.002759999999999962e+01
-2.610079999999999956e+01,1.000000000000000000e+00,2.138520000000000110e+01
3.480129999999999768e+01,1.000000000000000000e+00,-2.887229999999999919e+01
4.728600000000000136e+01,1.000000000000000000e+00,-3.621909999999999741e+01
2.180949999999999989e+01,1.000000000000000000e+00,-1.281450000000000067e+01
-2.726060000000000016e+01,1.000000000000000000e+00,1.824309999999999832e+01
4.510840000000000316e+01,1.000000000000000000e+00,-3.589789999999999992e+01
7.790600000000000414e+00,1.000000000000000000e+00,-6.836400000000000254e+00
4.619050000000000011e+01,1.000000000000000000e+00,-3.609839999999999804e+01
1.131049999999999933e+01,1.000000000000000000e+00,-6.969000000000000306e+00
1.284660000000000046e+01,1.000000000000000000e+00,-7.692300000000000360e+00
-3.531889999999999930e+01,1.000000000000000000e+00,2.671490000000000009e+01
-4.250840000000000174e+01,1.000000000000000000e+00,3.580429999999999779e+01
-1.481959999999999944e+01,1.000000000000000000e+00,1.346230000000000082e+01
-2.645899999999999963e+01,1.000000000000000000e+00,1.859609999999999985e+01
3.361399999999999721e+01,1.000000000000000000e+00,-2.271379999999999910e+01
4.724069999999999681e+01,1.000000000000000000e+00,-2.918890000000000029e+01
-4.461339999999999861e+01,1.000000000000000000e+00,3.360179999999999723e+01
2.911769999999999925e+01,1.000000000000000000e+00,-1.756390000000000029e+01
4.321139999999999759e+01,1.000000000000000000e+00,-3.439600000000000080e+01
4.014450000000000074e+01,1.000000000000000000e+00,-2.984740000000000038e+01
-2.061850000000000094e+01,1.000000000000000000e+00,1.387420000000000009e+01
-1.106879999999999953e+01,1.000000000000000000e+00,8.738899999999999224e+00
-1.365310000000000024e+01,1.000000000000000000e+00,1.046589999999999954e+01
-2.572889999999999944e+01,1.000000000000000000e+00,1.460210000000000008e+01
-2.322629999999999839e+01,1.000000000000000000e+00,2.168530000000000157e+01
-4.974569999999999936e+01,1.000000000000000000e+00,3.597200000000000131e+01
-1.750999999999999890e+00,1.000000000000000000e+00,1.469600000000000017e+00
2.353900000000000148e+01,1.000000000000000000e+00,-1.728810000000000002e+01
-4.106089999999999662e+01,1.000000000000000000e+00,3.060310000000000130e+01
-4.477779999999999916e+01,1.000000000000000000e+00,3.609069999999999823e+01
-2.789299999999999891e+00,1.000000000000000000e+00,2.503699999999999815e+00
3.060519999999999996e+01,1.000000000000000000e+00,-2.246409999999999840e+01
3.927009999999999934e+01,1.000000000000000000e+00,-2.642989999999999995e+01
1.864800000000000013e+00,1.000000000000000000e+00,6.993000000000000327e-01
2.798099999999999810e+00,1.000000000000000000e+00,2.066999999999999948e-01
3.417779999999999774e+01,1.000000000000000000e+00,-2.451829999999999998e+01
-4.975319999999999965e+01,1.000000000000000000e+00,3.967860000000000298e+01
2.877980000000000160e+01,1.000000000000000000e+00,-1.904250000000000043e+01
3.364100000000000090e+00,1.000000000000000000e+00,3.423299999999999788e+00
-9.201100000000000279e+00,1.000000000000000000e+00,3.445199999999999818e+00
1.999640000000000128e+01,1.000000000000000000e+00,-1.354470000000000063e+01
-4.297259999999999991e+01,1.000000000000000000e+00,3.143420000000000059e+01
4.710979999999999990e+01,1.000000000000000000e+00,-3.281569999999999965e+01
4.973460000000000036e+01,1.000000000000000000e+00,-3.530010000000000048e+01
-7.558600000000000207e+00,1.000000000000000000e+00,5.214199999999999946e+00
3.805899999999999839e+00,1.000000000000000000e+00,-3.615400000000000169e+00
4.363500000000000156e+00,1.000000000000000000e+00,-4.250700000000000145e+00
4.769350000000000023e+01,1.000000000000000000e+00,-3.248579999999999757e+01
-1.694950000000000045e+01,1.000000000000000000e+00,1.374939999999999962e+01
-2.477700000000000102e+01,1.000000000000000000e+00,1.954029999999999845e+01
-4.733570000000000277e+01,1.000000000000000000e+00,3.998029999999999973e+01
-3.241380000000000194e+01,1.000000000000000000e+00,2.438139999999999930e+01
1.656480000000000175e+01,1.000000000000000000e+00,-9.933699999999999974e+00
2.758500000000000085e+01,1.000000000000000000e+00,-2.199480000000000146e+01
-3.377300000000000324e+01,1.000000000000000000e+00,2.490390000000000015e+01
1.667899999999999849e+01,1.000000000000000000e+00,-1.065590000000000082e+01
-3.143939999999999912e+01,1.000000000000000000e+00,2.399930000000000163e+01
4.471640000000000015e+01,1.000000000000000000e+00,-3.173849999999999838e+01
4.526489999999999725e+01,1.000000000000000000e+00,-3.334700000000000131e+01
-3.190360000000000085e+01,1.000000000000000000e+00,2.335610000000000142e+01
1.047059999999999924e+01,1.000000000000000000e+00,-8.114800000000000679e+00
3.306219999999999715e+01,1.000000000000000000e+00,-2.627980000000000160e+01
3.608590000000000231e+01,1.000000000000000000e+00,-3.001729999999999876e+01
2.127509999999999835e+01,1.000000000000000000e+00,-1.804260000000000019e+01
2.360419999999999874e+01,1.000000000000000000e+00,-1.753310000000000102e+01
2.362499999999999822e+00,1.000000000000000000e+00,-7.603999999999999648e-01
6.942400000000000126e+00,1.000000000000000000e+00,-6.978200000000000180e+00
-3.275540000000000163e+01,1.000000000000000000e+00,2.048799999999999955e+01
2.334059999999999846e+01,1.000000000000000000e+00,-1.552439999999999998e+01
-9.233900000000000219e+00,1.000000000000000000e+00,1.015099999999999980e+01
4.133659999999999712e+01,1.000000000000000000e+00,-3.139489999999999981e+01
-3.131820000000000093e+01,1.000000000000000000e+00,2.235559999999999903e+01
-4.067459999999999809e+01,1.000000000000000000e+00,2.899249999999999972e+01
-3.173740000000000094e+01,1.000000000000000000e+00,2.505679999999999907e+01
3.627409999999999712e+01,1.000000000000000000e+00,-2.562180000000000035e+01
7.341499999999999915e+00,1.000000000000000000e+00,-4.885900000000000354e+00
-2.403679999999999950e+01,1.000000000000000000e+00,1.870439999999999969e+01
-2.313319999999999865e+01,1.000000000000000000e+00,1.765119999999999933e+01
-3.677100000000000080e+01,1.000000000000000000e+00,2.589959999999999951e+01
2.205000000000000016e-01,1.000000000000000000e+00,-1.778899999999999926e+00
-4.568359999999999843e+01,1.000000000000000000e+00,3.162199999999999989e+01
1.352650000000000041e+01,1.000000000000000000e+00,-7.204399999999999693e+00
-4.733030000000000115e+01,1.000000000000000000e+00,3.592029999999999745e+01
4.086419999999999675e+01,1.000000000000000000e+00,-3.394780000000000086e+01
2.415540000000000020e+01,1.000000000000000000e+00,-1.666959999999999908e+01
2.292460000000000164e+01,1.000000000000000000e+00,-1.483559999999999945e+01
-4.038499999999999979e+00,1.000000000000000000e+00,5.011700000000000266e+00
-4.424069999999999681e+01,1.000000000000000000e+00,3.359060000000000201e+01
7.274300000000000210e+00,1.000000000000000000e+00,-3.104499999999999815e+00
3.645300000000000296e+01,1.000000000000000000e+00,-2.478640000000000043e+01
3.101689999999999969e+01,1.000000000000000000e+00,-2.157880000000000109e+01
-4.968889999999999674e+01,1.000000000000000000e+00,4.055210000000000292e+01
-3.722809999999999775e+01,1.000000000000000000e+00,3.222860000000000014e+01
4.017000000000000171e+01,1.000000000000000000e+00,-2.931129999999999924e+01
2.417539999999999978e+01,1.000000000000000000e+00,-1.560130000000000017e+01
-1.217869999999999919e+01,1.000000000000000000e+00,5.661800000000000388e+00
-1.907140000000000057e+01,1.000000000000000000e+00,1.308750000000000036e+01
-4.844409999999999883e+01,1.000000000000000000e+00,3.672879999999999967e+01
2.401150000000000162e+01,1.000000000000000000e+00,-1.773760000000000048e+01
-4.102100000000000080e+00,1.000000000000000000e+00,2.761699999999999822e+00
1.369950000000000045e+01,1.000000000000000000e+00,-1.442880000000000074e+01
2.962580000000000169e+01,1.000000000000000000e+00,-1.925450000000000017e+01
-3.334250000000000114e+01,1.000000000000000000e+00,3.046440000000000126e+01
-4.096419999999999817e+01,1.000000000000000000e+00,3.124660000000000082e+01
-2.718669999999999831e+01,1.000000000000000000e+00,2.366649999999999920e+01
4.274080000000000013e+01,1.000000000000000000e+00,-2.985429999999999851e+01
3.316159999999999997e+01,1.000000000000000000e+00,-2.550369999999999848e+01
1.309660000000000046e+01,1.000000000000000000e+00,-7.706900000000000084e+00
4.461050000000000182e+01,1.000000000000000000e+00,-3.241570000000000107e+01
-2.095420000000000016e+01,1.000000000000000000e+00,1.884260000000000090e+01
4.652499999999999858e+00,1.000000000000000000e+00,-4.444700000000000095e+00
2.796379999999999910e+01,1.000000000000000000e+00,-1.904830000000000112e+01
-1.990269999999999939e+01,1.000000000000000000e+00,1.675649999999999906e+01
-3.975000000000000200e-01,1.000000000000000000e+00,-8.894999999999999574e-01
3.170029999999999859e+01,1.000000000000000000e+00,-2.262999999999999901e+01
-1.455100000000000016e+01,1.000000000000000000e+00,1.147139999999999915e+01
1.074210000000000065e+01,1.000000000000000000e+00,-1.018979999999999997e+01
-1.302009999999999934e+01,1.000000000000000000e+00,1.034660000000000046e+01
4.981830000000000069e+01,1.000000000000000000e+00,-3.836829999999999785e+01
6.430699999999999861e+00,1.000000000000000000e+00,-4.136000000000000121e+00
6.978500000000000369e+00,1.000000000000000000e+00,-3.599899999999999878e+00
4.265229999999999677e+01,1.000000000000000000e+00,-3.079139999999999944e+01
9.703099999999999170e+00,1.000000000000000000e+00,-7.756199999999999761e+00
3.330689999999999884e+01,1.000000000000000000e+00,-2.726770000000000138e+01
-3.816290000000000049e+01,1.000000000000000000e+00,2.791169999999999973e+01
-3.877740000000000009e+01,1.000000000000000000e+00,2.911199999999999832e+01
7.655400000000000205e+00,1.000000000000000000e+00,-3.447799999999999976e+00
4.921159999999999712e+01,1.000000000000000000e+00,-3.737689999999999912e+01
-4.910679999999999978e+01,1.000000000000000000e+00,3.761809999999999832e+01
1.871880000000000166e+01,1.000000000000000000e+00,-1.380369999999999919e+01
-3.086199999999999832e+00,1.000000000000000000e+00,3.698100000000000165e+00
-2.461939999999999884e+01,1.000000000000000000e+00,1.773450000000000060e+01
1.636179999999999879e+01,1.000000000000000000e+00,-1.232259999999999955e+01
1.847399999999999931e+00,1.000000000000000000e+00,-1.855299999999999949e+00
-2.812679999999999936e+01,1.000000000000000000e+00,1.983020000000000138e+01
4.023340000000000316e+01,1.000000000000000000e+00,-2.412330000000000041e+01
-1.781000000000000083e-01,1.000000000000000000e+00,5.405700000000000394e+00
2.887000000000000011e+00,1.000000000000000000e+00,-3.079499999999999904e+00
-1.587400000000000055e+01,1.000000000000000000e+00,1.651749999999999829e+01
-2.572169999999999845e+01,1.000000000000000000e+00,2.005750000000000099e+01
-3.490509999999999735e+01,1.000000000000000000e+00,2.663019999999999854e+01
2.759270000000000067e+01,1.000000000000000000e+00,-1.992579999999999885e+01
-4.085110000000000241e+01,1.000000000000000000e+00,3.021170000000000044e+01
-2.254000000000000004e+00,1.000000000000000000e+00,-1.647899999999999920e+00
-2.389699999999999847e+01,1.000000000000000000e+00,1.598140000000000072e+01
-8.351200000000000401e+00,1.000000000000000000e+00,7.725799999999999557e+00
-4.445089999999999719e+01,1.000000000000000000e+00,3.058530000000000015e+01
-1.031370000000000076e+01,1.000000000000000000e+00,5.886499999999999844e+00
3.981110000000000326e+01,1.000000000000000000e+00,-3.059799999999999898e+01
2.936890000000000001e+01,1.000000000000000000e+00,-2.181279999999999930e+01
4.073570000000000135e+01,1.000000000000000000e+00,-2.910470000000000113e+01
-1.050140000000000029e+01,1.000000000000000000e+00,7.508499999999999730e+00
-4.399369999999999692e+01,1.000000000000000000e+00,3.522890000000000299e+01
2.509500000000000064e+00,1.000000000000000000e+00,-2.671199999999999797e+00
2.632529999999999859e+01,1.000000000000000000e+00,-1.556760000000000055e+01
4.430980000000000274e+01,1.000000000000000000e+00,-2.937859999999999872e+01
-1.947980000000000089e+01,1.000000000000000000e+00,1.548709999999999987e+01
9.509999999999999787e+00,1.000000000000000000e+00,-6.768200000000000216e+00
-2.704119999999999990e+01,1.000000000000000000e+00,2.160770000000000124e+01
4.437000000000000277e+00,1.000000000000000000e+00,-6.633000000000000007e+00
-1.572059999999999924e+01,1.000000000000000000e+00,1.233990000000000009e+01
4.687689999999999912e+01,1.000000000000000000e+00,-3.364359999999999928e+01
3.464479999999999649e+01,1.000000000000000000e+00,-2.610979999999999990e+01
1.090709999999999980e+01,1.000000000000000000e+00,-4.908299999999999663e+00
3.762330000000000041e+01,1.000000000000000000e+00,-2.882250000000000156e+01
2.846799999999999997e+01,1.000000000000000000e+00,-1.981960000000000122e+01
-4.306710000000000349e+01,1.000000000000000000e+00,3.345960000000000178e+01
2.511789999999999878e+01,1.000000000000000000e+00,-1.668080000000000140e+01
2.990309999999999846e+01,1.000000000000000000e+00,-2.323029999999999973e+01
3.252949999999999875e+01,1.000000000000000000e+00,-2.678729999999999833e+01
2.015400000000000080e+00,1.000000000000000000e+00,-5.719100000000000072e+00
-2.031000000000000028e-01,1.000000000000000000e+00,2.830799999999999983e+00
-3.550330000000000297e+01,1.000000000000000000e+00,2.635829999999999984e+01
-1.408810000000000073e+01,1.000000000000000000e+00,1.168609999999999971e+01
3.826619999999999777e+01,1.000000000000000000e+00,-2.742399999999999949e+01
4.385289999999999822e+01,1.000000000000000000e+00,-2.907440000000000069e+01
4.287080000000000268e+01,1.000000000000000000e+00,-3.079960000000000164e+01
-3.402479999999999905e+01,1.000000000000000000e+00,2.578190000000000026e+01
2.988999999999999990e-01,1.000000000000000000e+00,1.293500000000000094e+00
-2.271389999999999887e+01,1.000000000000000000e+00,2.325919999999999987e+01
1.206039999999999957e+01,1.000000000000000000e+00,-7.421499999999999986e+00
-1.548579999999999934e+01,1.000000000000000000e+00,1.067019999999999946e+01
2.471559999999999846e+01,1.000000000000000000e+00,-1.856940000000000168e+01
-1.661540000000000106e+01,1.000000000000000000e+00,1.625750000000000028e+01
-1.150590000000000046e+01,1.000000000000000000e+00,6.963300000000000267e+00
-8.156999999999999806e-01,1.000000000000000000e+00,-4.910999999999999810e-01
-2.566870000000000118e+01,1.000000000000000000e+00,1.941809999999999903e+01
-3.017859999999999943e+01,1.000000000000000000e+00,2.243449999999999989e+01
-2.604139999999999944e+01,1.000000000000000000e+00,2.194549999999999912e+01
-2.394810000000000016e+01,1.000000000000000000e+00,2.151360000000000028e+01
4.788550000000000040e+01,1.000000000000000000e+00,-3.684040000000000248e+01
4.119680000000000319e+01,1.000000000000000000e+00,-2.616900000000000048e+01
1.826729999999999876e+01,1.000000000000000000e+00,-1.522630000000000017e+01
-2.274269999999999925e+01,1.000000000000000000e+00,2.017790000000000106e+01
3.024670000000000059e+01,1.000000000000000000e+00,-2.359230000000000160e+01
-2.989099999999999824e+01,1.000000000000000000e+00,2.164420000000000144e+01
4.713099999999999845e+00,1.000000000000000000e+00,-3.672699999999999854e+00
1.283389999999999986e+01,1.000000000000000000e+00,-1.083709999999999951e+01
1.323150000000000048e+01,1.000000000000000000e+00,-9.346799999999999997e+00
3.075969999999999871e+01,1.000000000000000000e+00,-2.527639999999999887e+01
-4.166000000000000369e+00,1.000000000000000000e+00,5.681199999999999584e+00
-1.075970000000000049e+01,1.000000000000000000e+00,9.476800000000000779e+00
1.960810000000000031e+01,1.000000000000000000e+00,-1.380630000000000024e+01
4.216409999999999769e+01,1.000000000000000000e+00,-2.764649999999999963e+01
-4.134999999999999787e-01,1.000000000000000000e+00,1.043000000000000038e-01
1.970629999999999882e+01,1.000000000000000000e+00,-1.089499999999999957e+01
4.825339999999999918e+01,1.000000000000000000e+00,-3.354899999999999949e+01
4.333950000000000102e+01,1.000000000000000000e+00,-3.252159999999999940e+01
3.602089999999999748e+01,1.000000000000000000e+00,-2.725369999999999848e+01
2.580920000000000059e+01,1.000000000000000000e+00,-1.543560000000000088e+01
-1.304240000000000066e+01,1.000000000000000000e+00,1.231559999999999988e+01
1.776200000000000001e+00,1.000000000000000000e+00,-9.333000000000000185e-01
-2.743599999999999817e+00,1.000000000000000000e+00,-5.164999999999999591e-01
4.569160000000000110e+01,1.000000000000000000e+00,-3.371090000000000231e+01
-3.858879999999999910e+01,1.000000000000000000e+00,2.389260000000000161e+01
2.953219999999999956e+01,1.000000000000000000e+00,-2.307819999999999894e+01
-1.549370000000000047e+01,1.000000000000000000e+00,1.019849999999999923e+01
-2.431040000000000134e+01,1.000000000000000000e+00,1.857019999999999982e+01
-1.365479999999999983e+01,1.000000000000000000e+00,1.171199999999999974e+01
2.916300000000000026e+01,1.000000000000000000e+00,-2.414610000000000056e+01
2.703069999999999951e+01,1.000000000000000000e+00,-1.901429999999999865e+01
-3.346299999999999830e+00,1.000000000000000000e+00,8.503199999999999648e+00
-5.057599999999999874e+00,1.000000000000000000e+00,1.349900000000000100e+00
-3.483239999999999981e+01,1.000000000000000000e+00,2.437440000000000140e+01
-3.028049999999999997e+01,1.000000000000000000e+00,2.371679999999999922e+01
-1.001660000000000039e+01,1.000000000000000000e+00,7.597900000000000098e+00
-5.963499999999999801e+00,1.000000000000000000e+00,8.556699999999999307e+00
1.851360000000000028e+01,1.000000000000000000e+00,-1.054100000000000037e+01
9.849700000000000344e+00,1.000000000000000000e+00,-5.456199999999999939e+00
-4.710099999999999909e+01,1.000000000000000000e+00,3.578719999999999857e+01
-2.934080000000000155e+01,1.000000000000000000e+00,2.151330000000000098e+01
-4.355519999999999925e+01,1.000000000000000000e+00,3.282710000000000150e+01
4.962189999999999657e+01,1.000000000000000000e+00,-3.658489999999999753e+01
-1.252159999999999940e+01,1.000000000000000000e+00,1.245730000000000004e+01
-1.820149999999999935e+01,1.000000000000000000e+00,1.434600000000000009e+01
4.242779999999999774e+01,1.000000000000000000e+00,-3.175560000000000116e+01
-2.340419999999999945e+01,1.000000000000000000e+00,2.003620000000000090e+01
2.211699999999999999e+00,1.000000000000000000e+00,1.932500000000000107e+00
1.950150000000000006e+01,1.000000000000000000e+00,-1.259110000000000085e+01
-2.001229999999999976e+01,1.000000000000000000e+00,1.525070000000000014e+01
-9.166999999999999815e+00,1.000000000000000000e+00,9.131000000000000227e+00
-1.427909999999999968e+01,1.000000000000000000e+00,7.488500000000000156e+00
-4.414330000000000354e+01,1.000000000000000000e+00,3.495810000000000173e+01
-5.999100000000000321e+00,1.000000000000000000e+00,-1.548799999999999955e+00
2.367500000000000071e+01,1.000000000000000000e+00,-2.074820000000000064e+01
-4.652810000000000201e+01,1.000000000000000000e+00,3.260499999999999687e+01
-2.170759999999999934e+01,1.000000000000000000e+00,1.544490000000000052e+01
-4.574739999999999895e+01,1.000000000000000000e+00,3.726030000000000086e+01
4.058109999999999928e+01,1.000000000000000000e+00,-3.078819999999999979e+01
-3.355639999999999645e+01,1.000000000000000000e+00,2.301450000000000173e+01
-3.250090000000000146e+01,1.000000000000000000e+00,2.506159999999999854e+01
3.353929999999999723e+01,1.000000000000000000e+00,-2.532760000000000034e+01
4.855380000000000251e+01,1.000000000000000000e+00,-3.478229999999999933e+01
4.525840000000000174e+01,1.000000000000000000e+00,-3.418229999999999791e+01
4.972409999999999997e+01,1.000000000000000000e+00,-3.752660000000000196e+01
-1.784469999999999956e+01,1.000000000000000000e+00,1.172480000000000011e+01
1.029900000000000038e+00,1.000000000000000000e+00,-2.908100000000000129e+00
-3.838199999999999790e+01,1.000000000000000000e+00,3.203739999999999810e+01
-2.259580000000000055e+01,1.000000000000000000e+00,1.456390000000000029e+01
3.954590000000000316e+01,1.000000000000000000e+00,-3.153320000000000078e+01
-4.062199999999999989e+01,1.000000000000000000e+00,3.073120000000000118e+01
2.894010000000000105e+01,1.000000000000000000e+00,-1.938340000000000174e+01
3.041509999999999891e+01,1.000000000000000000e+00,-2.451699999999999946e+01
2.649559999999999960e+01,1.000000000000000000e+00,-1.729860000000000042e+01
-4.014840000000000231e+01,1.000000000000000000e+00,3.055349999999999966e+01
-1.798489999999999966e+01,1.000000000000000000e+00,1.636909999999999954e+01
3.182310000000000016e+01,1.000000000000000000e+00,-2.038579999999999970e+01
-4.205369999999999919e+01,1.000000000000000000e+00,3.359770000000000323e+01
3.237310000000000088e+01,1.000000000000000000e+00,-2.549530000000000030e+01
3.667960000000000065e+01,1.000000000000000000e+00,-2.832389999999999830e+01
9.080600000000000449e+00,1.000000000000000000e+00,-1.404900000000000038e+00
2.662000000000000099e+01,1.000000000000000000e+00,-1.839999999999999858e+01
2.491420000000000101e+01,1.000000000000000000e+00,-1.880570000000000164e+01
-2.442549999999999955e+01,1.000000000000000000e+00,1.394110000000000049e+01
8.643900000000000361e+00,1.000000000000000000e+00,-8.331200000000000827e+00
3.167190000000000083e+01,1.000000000000000000e+00,-2.201259999999999906e+01
1.584570000000000078e+01,1.000000000000000000e+00,-7.992399999999999949e+00
-3.304800000000000182e+01,1.000000000000000000e+00,2.628879999999999839e+01
